<?xml version="1.0" encoding="UTF-8"?>
<project-private xmlns="http://www.netbeans.org/ns/project-private/1">
    <editor-bookmarks xmlns="http://www.netbeans.org/ns/editor-bookmarks/2" lastBookmarkId="0"/>
    <open-files xmlns="http://www.netbeans.org/ns/projectui-open-files/2">
        <group>
            <file>file:/C:/Users/objprog/Desktop/example1/GUI/src/gui/AddEmployee.java</file>
            <file>file:/C:/Users/objprog/Desktop/example1/GUI/src/gui/job.java</file>
            <file>file:/C:/Users/objprog/Desktop/example1/GUI/src/gui/Menu.java</file>
            <file>file:/C:/Users/objprog/Desktop/example1/GUI/src/gui/GUI.java</file>
            <file>file:/C:/Users/objprog/Desktop/example1/GUI/src/gui/EditEmployee.java</file>
            <file>file:/C:/Users/objprog/Desktop/example1/GUI/src/gui/Employee.java</file>
            <file>file:/C:/Users/objprog/Desktop/example1/GUI/src/gui/AddNewJob.java</file>
        </group>
    </open-files>
</project-private>
